Name	Description	CAL12T	COLO684	DB	DMS273	EBC1	ES2	G361	HCC15	KMS18	LN18	MDAMB468	MEWO	NCIH1155	NCIH1355	NCIH2291	NCIH460	NCIH647	NCIH727	PC14	PC3	RD	SUDHL10
A1BG	A1BG	0.02533363950166026	0.46643535929939545	0.7010221611214358	0.48064948435674304	0.01577645227447877	0.22818024654640323	0.12277766507509716	-0.05732024100969432	0.6128017293680773	0.10197618938013622	0.2134136799527089	-0.0026030029133024823	0.14872987571652332	0.023758301092862116	-0.005097226703967006	0.2586611231333359	0.14335679615718877	0.010967812267000943	0.08576317700121	0.2887938834205055	0.004436834293713193	0.8082723598330964
A2M	A2M	-0.3536928165842882	-0.008687371393136578	-0.27456417820289714	-0.10304129928579178	-0.23969576584739968	0.2517357069685361	0.22999869678447418	-0.19251845484113772	0.3392104416602296	-0.06081836676261185	-0.1117122136564547	0.13652666772929264	0.19493243638703686	-0.38272972974637065	-0.09888737609655068	-0.10106607514970534	0.09397895942494497	-0.16473075776809587	-0.2330566681003871	0.01292144846328433	0.05472630169566142	-0.21429760290061892
A2ML1	A2ML1	0.32191944765733593	-0.09749607358118703	0.01645679919188641	-0.05864400788993013	0.02275206692074752	-0.16037217596023792	0.3464045958060839	0.19772280638494064	0.05361674140138431	-0.06927616709803652	0.16487321007595318	0.2223646628735439	-0.11141112190070979	0.04783209580207528	0.08703812015183807	-0.08019226788199851	-0.14884701344977094	0.20659867263516096	0.14163705801787166	0.02128276946886363	-0.15057138533378864	-0.06612384431493065
A4GALT	A4GALT	0.3460132215242413	-0.29427027401535416	-0.8857698354527338	-0.35754595455840055	0.13966190154846275	-0.3012519278741206	-0.14344115963464404	0.053242642851184935	-0.4892102426576731	0.09375896502731842	0.22609934998458214	-0.23460096060967978	-0.3739193641692866	0.2984276264664063	0.213366091665691	-0.11850972423960682	-0.14949335547752673	-0.041948493172935766	0.3314685663047218	0.15670181206331313	-0.4503708688792236	-0.7986833338474246
AAAS	AAAS	0.13222470851851686	-0.22466891094816968	0.4506120284784941	-0.15368944625905756	0.04459042322907771	-0.2299041646982639	0.12453839507314914	0.12425862178659504	0.24975161215177583	-0.29473688322337843	-0.0020455508337671926	0.08236892091236844	-0.20952263225583861	0.18663881621747513	0.2299583706584283	-0.006342182959194184	-0.014475098542566086	0.5909665912905693	0.04138678679735396	-0.010578674670653517	-0.24337848093361514	0.3030341684045891
AACS	AACS	-0.328121490835232	0.09676312405857074	-0.47674288496634587	0.17980123036187026	-0.16972873473585867	0.04855816360242443	0.15980338327205776	-0.08208044188443588	0.04036459901752437	-0.16444667338524016	-0.1560894595521562	0.21434194225908562	0.3494507371908192	0.1085670565387187	-0.31152677937456386	0.13741718663527144	0.02504394589002823	0.08241986304113737	-0.19987750467243517	-0.2262025008236131	0.15565038031870038	-0.5354929169405424
AADAC	AADAC	0.014737347337904138	0.31638041693247715	-0.04926319746551279	0.18822961281955564	0.1703567807911641	-0.31913298394893	-0.11535218463096271	0.022503741150596106	-0.36443780608854465	-0.04207632763094775	0.10994069730127541	-0.09250954830964515	0.1580653073927968	0.08699558414562154	0.006496788552164441	-0.06793671033582126	-0.29950894502020037	0.10142601147172271	0.11953447601489307	-0.06680401891847094	-0.18333591788465806	-0.15404177499062444
AADACL2	AADACL2	-0.002320469334628282	-0.030038848350581158	0.2418657300646146	-0.14228450831766806	-0.020755512344927847	-0.2661796578659851	-0.00874654397829365	-0.23553838953084716	-0.13090509218707072	-0.048243678292031245	-0.2662465944895722	0.06940577974849296	-0.19527573974243334	0.10124643368175806	-0.2232893195443702	-0.19029038369525947	-0.16142523009045542	-0.3430476741969816	-0.03376702105171639	-0.18427282536112888	0.042246653005391356	0.10408072146108127
AADACL4	AADACL4	0.12476377037291435	-0.5087895849847873	-0.5099497535746417	-0.32064308386245194	0.2113786866029112	0.10318731972318215	-0.4948206926144782	0.04082395525045359	-0.1778675743422668	0.3789407330591109	0.18916380961900375	-0.3121209398210869	-0.09052799242901576	0.2757662783187884	-0.28541700137314835	0.02710167633028676	0.012736411923933662	0.1997925361214305	0.012085037052187046	0.057053562184980325	-0.2028807039630342	-0.560852005465587
AAED1	AAED1	-0.1143556302915471	0.14192865055390858	0.25695595298384977	0.06710248848101334	-0.1875529303109114	-0.2128783420048178	0.04504166209590516	0.21167273012517696	0.16173140892053756	-0.06843480891202239	0.059172618459100663	0.1307044074701557	0.3241237527128481	0.2910303066939302	-0.12745376946976467	0.06877443677481783	-0.08071962593038101	0.19959187656422883	-0.14452891039087779	-0.17589953276309267	-0.12878775065545744	0.14889179088896995
AAGAB	AAGAB	0.17852289587480283	-0.21969247826075014	-0.44299598568716114	-0.11229527647243942	0.3970414847120854	0.08895908948347551	0.14016027834593253	0.008880488329080612	-0.6213888762326368	-0.05332588217609755	-0.07516295253233694	0.1150029594880798	-0.2403791577877839	-0.22533127249333532	0.515298757353703	0.057102530402239546	0.33186879267683805	-0.09854581519779289	0.3962985353308828	0.07173363245235433	0.19535362877603138	-0.3329237203077539
AAK1	AAK1	-0.3120255208661149	0.024829759422569944	0.5005156432460838	-0.0357738603192224	-0.2570816517694365	0.09386225869984512	0.09165343050301585	-0.1856482429212462	0.11810005949721576	-0.2486806920605153	-0.035579401856411244	0.17607120212664307	0.225682106327374	-0.34676547680795283	-0.28077939138639363	-0.1412596698738143	0.0038524983593769963	-0.1818098988949513	-0.15950778113792735	-0.035960924213475284	0.18171144817926976	0.46293284431775666
AAMP	AAMP	-0.5058515758916633	0.02257776230435552	-0.3219294496904347	0.18436629696472173	0.10428762776435307	-0.1289804607980287	0.09438302328841627	-0.05810323335864217	-0.1112346094798676	0.4047483304487036	-0.16123784649576642	-0.11779133658071253	-0.21980704692568254	0.09039527107623241	0.01957127044725357	0.10796794219196787	-0.01615551541435383	-0.05254803897167116	0.14323973839243773	0.14762878748833605	0.012800795611082258	-0.19029971270676876
AANAT	AANAT	0.023329632712642823	-0.24592742878113635	-0.06144896798276971	-0.30782741394446184	0.24266856932118264	-0.13946916161313297	-0.12185375883620848	-0.0760307876828771	0.37159140156323595	-0.20004373057358854	0.1837669693343779	-0.07916009932403706	-0.35426540294512104	-0.09476034332061245	0.24838760003946586	-0.12163348849468274	-0.07493121340372895	-0.016664922564169786	0.1876453709034894	0.09969794484978392	-0.3486888012163601	0.08603168200203787
AARS	AARS	-0.2548625985924151	0.24707201375523202	0.4522853549266851	0.3476693685267604	0.06345445934159927	0.015665772449208346	-0.029176114902684486	0.05975398354333983	-0.11486182668927648	0.04303764831278403	-0.265723186420597	0.03452173895225389	0.08619199488462238	0.1676223282871337	-0.2184515823396199	0.34025684574688236	-0.008509536704655067	0.11198581542907501	-0.07751655493850883	-0.1594855338743875	-0.09263115291254408	0.47432677523788613
AARS2	AARS2	-0.5046694585283379	-0.43948096748956317	-0.0037604339478880837	-0.2475931132838304	0.012850603174884907	0.32535734507398933	0.059912211352425526	-0.32453545906552345	-0.04222315439429256	0.5646099213835903	-0.41289438600779865	0.1675794026329608	-0.06664940698255988	0.17111076342205403	-0.2157793767982626	0.0033255333664102115	0.23709868568019127	-0.2480286810667021	-0.32192584055186163	-0.14193522883204376	0.3142254957161776	-0.0404757545333545
AARSD1	AARSD1	-0.44500005628953954	0.10857501030743086	-0.4023268278250903	0.1803864966780295	-0.1382156426179569	-0.12802779726662764	-0.22102166495370215	-0.1607637731292879	-0.11385666523787896	0.11504729299650027	-0.1304218162155479	-0.14997859454321638	0.22055005848630602	-0.05567993193682087	-0.3421354649477596	-0.11294215790068092	-0.03957087076356283	-0.09896892656344695	-0.12805394431691114	-0.16877646457119977	0.2490974444577573	-0.5056098825582077
AASDH	AASDH	-0.04156267796936633	0.11283601369977164	-0.1053204124785001	0.0259686935914048	-0.2817087029905351	0.0410180949446046	0.03351880638957075	-0.3025762511500719	0.5778544114169737	-0.34571140233711894	-0.02416311140471751	0.1594654771322295	0.00651905161973141	-0.12713249372958138	-0.043718031595087165	-0.11800824986392722	0.06196302799996282	-0.4614707248102471	-0.11152149134364195	0.11586819167047815	0.31951611908662914	-0.1547682357564839
AASDHPPT	AASDHPPT	0.355439038793891	0.048518782202129185	-0.4898890440804224	0.12658270667774635	-0.020496703242573695	-0.09619931765283421	-0.512872575441069	0.043507614553642285	-0.2110765228890456	-0.08392343864198326	0.10086789992227237	-0.3253015305148071	-0.2911166098436239	-0.00442614272384971	-0.07640726959817867	-0.07324532749182297	-0.19926185949637293	-0.06975014860312523	0.10988471292163589	-0.04925234080075319	-0.3795072374998881	-0.42183125289123463
AASS	AASS	0.19133167034340734	-0.17293880548403465	-0.053536996105294894	-0.2508451063499166	0.29089703350351426	-0.424439716345949	-0.37071863520438547	-0.07836301490110816	-0.239021751424176	-0.2250935647765754	-0.21633905998852287	-0.2593648621621076	-0.4906206671194068	-0.14534531000320947	0.30225067185634646	-0.4458564407637662	-0.37454189037399377	0.027664606987769996	0.11210318253071593	-0.15954173952653952	-0.0824142383067663	-0.09087191290099096
AATK	AATK	0.04671973443536047	-0.011698063680521162	-0.10229221196898644	-0.021732539779082325	-0.11875110096183687	0.3622851615996887	0.25187477559314986	0.032177173698720876	0.3354212144167466	0.021550840532068793	-0.002572731260866837	0.18163115163473392	0.07367148606051024	0.07371798106090359	0.020537037416171862	0.14453466160565942	0.03501849583716926	-0.27160660825251304	-0.04031114489282214	0.15759489045403152	-0.2227337930546578	-0.025667588237535857
ABAT	ABAT	-0.17959293312006142	-0.06474834449000945	0.5081455509684445	-0.04099122724512406	-0.050962804036549327	-0.2313920342908156	-0.15567732951224977	-0.1096885456236126	0.19704555833151152	0.2043968249170822	-0.39685151413726405	-0.2525584197116807	-0.19456802444444377	-0.067132587552657	-0.23042120284341558	-0.15194717325265467	-0.2649397023091219	-0.17238217871380532	-0.18952873724630878	-0.3232820998891467	-0.23245534515322405	0.6158690119736127
ABCA1	ABCA1	0.019929069878241654	-0.08682329703964198	-0.3777325517478034	0.05731968938744017	0.2557781000086617	-0.03715526036195155	0.0322410841826572	0.026973285811251115	0.0002568372709546192	0.2705882662294175	-0.15559135992988038	-0.08019123579889349	-0.07293477533373649	0.1334536216037464	0.20628193209369822	0.041242811664810496	0.04815009055245772	-0.24866567850036198	0.09556340867262655	0.07462990002503593	-0.20853406361798693	-0.4015947588153624
ABCA10	ABCA10	0.22362748669190827	-0.2013401292947998	0.15942764576800914	-0.061012274114687154	0.26002535006277117	-0.17060688993494505	-0.03713717743076633	-0.006218863744246933	-0.1614681218986257	-0.18840218982089635	-0.021700854293896753	-0.04871820578750721	-0.03184256272099721	0.07105046284105779	0.10976243332916197	4.4708046047017835e-05	-0.18054020097321846	0.2941945162235642	0.15401863056883286	-0.013092148564302894	-0.5607292425603547	-0.13565515674227163
ABCA11P	ABCA11P	0.24115661276256628	-0.02452933291580492	-0.18099853591696996	-0.04745483633860264	-0.10497608935423218	0.020695950294617523	0.32833776073490506	-0.06588069951839008	-0.3156428656988619	0.14767008491854486	0.1307592479226731	0.3017448584442849	-0.09612485421388067	0.24171682405780878	-0.14516782768451655	0.11553196114823153	0.011971274673871945	-0.34038019818557075	0.05953249418806904	0.1254349622416064	0.25300013407805166	-0.3481414758046145
ABCA12	ABCA12	-0.07003622698641923	0.06392129146877416	0.9468222876547222	0.06282953350523293	0.00722816480456023	0.05759078216512543	0.024742040721653025	-0.032334739915736814	0.17583444801147377	-0.04608504452340862	-0.14569649020958558	0.16240911079629453	0.20047816371741983	-0.09054527389323404	-0.08956936278537253	-0.052930613295097066	-0.057855760246773226	0.033080263705162205	-0.15148305155905997	-0.10989371671063829	0.1343774549628573	0.8374102813834619
ABCA2	ABCA2	0.1654945656505467	0.03031927880933487	-0.336708321384934	0.022432764820631158	-0.09270024087448793	0.09417122910729765	0.354245803325303	-0.17990228072261122	0.04458379667573194	0.08622918876629763	-0.03730138802113915	0.16697377943086947	-0.11799882911595995	-0.09458230688735125	0.04374609697043705	-0.05497167461442955	-0.022437763683058838	-0.21031793129476753	-0.014535411058725453	-0.08895997557955895	-0.012834444063320877	-0.31310379888459716
ABCA3	ABCA3	0.5396589296651859	-0.44210394800697583	-0.11413992830021003	-0.27532544371301093	0.5696532753337455	0.10600610956699852	-0.08096089581292198	0.40056274145755144	-0.2694884868806505	0.0971626923239835	0.17639921275900491	-0.02643375020866673	-0.3244579943092413	0.32602395033443676	0.42364957151825955	0.1501593889409569	0.16982677664909215	0.3741949153338346	0.42754052078506327	0.2565027562690919	-0.3715935591076145	-0.10010559477983447
ABCA4	ABCA4	-0.15087740409627348	-0.013277446077883476	-0.07644376739587558	-0.057933063119173595	-0.21471276926710187	-0.0243068066933763	-0.23233254133427417	-0.24239852484416807	0.1462667848819799	0.05104525046130682	-0.26086521027810544	-0.25999519434195334	-0.15509073588236508	0.06788324234305357	-0.20926039507405167	-0.09890318616037508	-0.05180169204135823	0.03163748497822542	-0.33135834472736364	-0.20822966440569252	0.16255232900936473	-0.05576736036763803
ABCA6	ABCA6	-0.3600972292995364	-0.13904703495162546	0.30132586956496743	0.10903695288361485	-0.22050742538631163	0.11897751781353515	0.3762971864191538	-0.3342949639692267	0.3453371327406246	-0.24895282908332783	-0.15522124418300415	0.3940425866029076	0.26129897038117705	-0.37207802950910185	-0.3100302757624677	0.025154482588217217	-0.08792769173463957	-0.008417471544493044	-0.28449288790733074	-0.33728619163844675	-0.03986698623991047	0.2394741645147448
ABCA7	ABCA7	-0.12484963619712308	0.24790066061650518	0.2565378579554274	0.2140649341482324	-0.0721931222222255	0.14656866646532057	0.4396538992383077	-0.16405464345453313	-0.06068428990489769	0.04501351574421286	-0.029650335473094196	0.2768684685041978	0.26332392291481255	-0.3675243546708666	-0.13979774679878473	0.05640556749100237	-0.11139680449878608	-0.03512195484759823	-0.08300527893735453	0.07199123892709366	0.19066789312325	0.19203514734801636
ABCA9	ABCA9	0.05846216542851017	0.040906456785323966	-0.08461280377722805	0.16704397259741005	0.2207015111745646	0.21299813711518711	0.1851415898200462	-0.02683852561701097	-0.027919376761738248	0.038505207752242615	-0.12923672238301406	-0.05999574208050848	0.0008326425844624764	0.01811247681783167	0.0643369312887533	0.2296495842086412	0.05134000542920987	0.0845980468238153	0.02542526006272941	0.06262600005050448	-0.3012564376809783	-0.06303777043434619
ABCB1	ABCB1	0.1764506801560152	0.04873410923516537	0.09851830038229206	-0.07522688643880153	-0.0874127741315735	-0.49654202657231933	-0.4834541775612711	0.03586238127540618	0.04984356811263096	0.10625212426751313	0.07094906933247398	-0.42795018263742096	-0.3602796024335379	0.08456421514483345	-0.15618267547420844	-0.11162177593139172	-0.11525397207783952	0.035536339326869136	0.07405167522474686	-0.044962032759256726	-0.2185653691880862	0.1246919927134347
ABCB10	ABCB10	0.0011760929860032965	0.14251208113897257	-0.040285005148529535	-0.010347418611205389	0.06716693539418954	0.4156808001916217	0.058127755495449414	0.06478874995714044	-0.2943306991695456	0.040747749686766116	0.1751133045108485	0.1962116541415641	0.22116064200963614	0.15838341249990975	0.16207821809867878	0.015555835484403223	0.2832484465787638	-0.19724162082547705	0.20124775960444896	0.3502895605212386	0.22785148483135445	0.14861941933598383
ABCB11	ABCB11	0.2877436285504364	-0.15344315790485558	-0.3357494474329617	-0.06882967873543092	0.06432032056766779	-0.23671540524484422	-0.21533099624955696	0.09919635695714496	-0.035018834922010876	-0.08859468046836982	0.2753020360532822	-0.35256411509260077	-0.07841663325394505	-0.014992392024640706	0.03569875520448237	-0.0966214985339647	-0.1591096139824889	0.29466881960561747	0.24657706912981492	-0.006945128695214381	-0.32412794838162806	-0.255078263221878
ABCB5	ABCB5	0.5370065602278314	0.5262725396508114	0.1802261586304912	0.37388200771364033	0.06472262673777632	0.16483179106960894	-0.016881842252206125	0.16962914974193793	0.030594883750336893	0.21776982371724657	0.2492419969202858	0.06429574749651092	0.21186321040690048	0.43557439335023074	0.1187033832629921	0.18542164166377967	0.03750477480583056	-0.246455871679708	0.049488075116650904	0.1695567619948799	0.387585376260374	0.11645328158567192
ABCB6	ABCB6	0.36809092945350824	-0.40067503542647553	-0.0846480354831947	-0.20654341547735167	0.27967928861324903	0.26982441426865716	-0.2623369866758662	0.11804209475495955	0.05537390120992536	0.13987169580926848	-0.0535990068299087	-0.1796201465956147	-0.47770485315076505	0.003327106916784287	0.06076569503170372	0.056473189262715495	-0.05040506990418628	0.16230290887187532	0.12312380430459496	0.045154279758545066	-0.2354500209731093	0.24890661830901334
ABCB7	ABCB7	-0.61542698760578	0.11047447077715895	0.4763677354510084	0.431249670730913	0.12418537002039252	-0.22388363199696176	0.7308748707602747	-0.3918250446590106	0.8641151048903206	0.08703689460112843	-0.8249717682330828	0.3935456070882794	0.09320095342960213	-0.5537131913214399	-0.3352378745467405	-0.13426967822350194	-0.11029402803400863	0.11927615509413599	-0.4023944924218078	-0.2090369757692016	0.0642729233996919	0.369819305422202
ABCB8	ABCB8	0.24579386725985888	-0.3245859804458119	-0.4675059348416667	-0.12321257809734809	0.2128327442036785	0.3411331604567799	-0.21370396674459832	0.19183893137719518	-0.5014777923469307	0.339143784362057	0.018930831812432145	-0.01168279807410394	-0.2949613729891247	0.26672511115491687	0.04342994483115596	0.24103607400032726	0.21278917741984904	-0.00963755279505514	0.2216237112665609	0.23908821052686205	-0.06865050601465172	-0.46531507668691274
ABCB9	ABCB9	-0.07212364304969518	0.060567609367508025	-0.06082500231593097	-0.0625947149466701	-0.10067338567059486	-0.23192142300824478	-0.2102332305796216	-0.19074409531494305	0.18018946987038323	-0.20079950415828232	-0.0810142786533865	-0.226027291784302	-0.08263760120836157	-0.06393980950594547	0.058256720014137696	-0.13271342576800313	-0.25533612540228856	-0.01548722552444263	-0.18622792534774715	-0.22331505811026894	-0.28781317912135024	-0.09865864197648358
ABCC1	ABCC1	0.1128133207304069	-0.006122426740482321	-0.07724029705838467	-0.1332643700306684	0.24614214387793373	-0.25690366923269065	-0.133611975015307	0.11772464263375348	-0.32116116248984355	0.23347167214048908	0.08032181674078535	-0.04341577614515561	-0.19263147012992923	0.19946438815967646	0.258138674975359	-0.07569083912244576	-0.05942079339927459	-0.1103176378396234	0.13356719738518272	0.07562737427057156	-0.01974524033989502	0.033865005739925756
ABCC10	ABCC10	0.39492338945019534	-0.18973725158635862	-0.07656587014226231	-0.08717806511693739	0.3181288236532044	-0.030790174115704186	-0.0256356268246931	0.4166827144488063	-0.3589029485082494	0.3063977873568449	0.19711581940927436	-0.05120221538522192	-0.03440201564050972	0.5675776128332929	0.0998973449141828	0.24865270134200873	0.1725863850632551	0.30778687151842704	0.29134445801419967	0.13465552698482727	-0.1870588579037918	-0.11981505720337761
ABCC11	ABCC11	0.017466921977895372	-0.2350073436250639	-0.43727990253972737	-0.13607644588142676	0.18926228246477592	0.38274847976705323	0.10103555464859544	-0.04808715230913389	-0.4416728761564964	0.48555706867328696	-0.16442951801846598	0.06771864812721257	-0.24054478185186554	-0.048983971986071226	0.1317293801112073	0.05051646872679387	0.12022208366562846	-0.1658176387260181	0.10091511994280956	0.06039821813644243	0.4309773962028477	-0.26949981930891276
ABCC12	ABCC12	0.4083168253147971	-0.18578751859206294	0.10539323204915896	-0.4273496674229599	-0.020718636262761873	-0.09406263039176535	-0.4192443704382374	0.056228171798318065	0.17034551678483995	0.3140257096256243	0.1128260460693783	-0.25712720558376173	-0.3219954672744859	0.23406687535905066	-0.019008056833485137	-0.19206910628904272	-0.046784434184061675	-0.46037748360397707	0.014394250180167746	0.13715704085787028	0.06484851534603658	0.16947763450414463
ABCC13	ABCC13	-0.0479704668803929	-0.15133415276327988	0.29303661437453393	-0.11953214588663971	-0.037005168770364735	0.17147963234191066	0.13437512386919975	-0.11298317201591476	0.01342727518580535	-0.13727665909652526	-0.15949084895286203	0.28490124024493035	-0.09478246054889448	-0.2142600562276593	0.004412336490038856	-0.11597554655291897	0.039728668111729745	-0.07522766523285584	-0.22941180643427084	-0.04011831220418707	0.24575694931176695	0.11234645393258419
ABCC3	ABCC3	0.07210660273418043	0.05268675421421337	0.126215615359368	-0.3118699407577199	-0.25357910699569397	0.09269198748246185	-0.012739952027844018	-0.009494878400805457	0.19371188440596698	-0.4226865999461609	-0.11430724361017855	-0.06211837979390784	-0.10788927811035112	0.05145750089354262	0.02557267201618009	-0.02536930910690438	-0.11213368359919207	-0.3745629294227323	-0.23641044126266697	0.06870243086062222	-0.17129033558979062	0.1523672440198895
ABCC4	ABCC4	-0.2955783233858405	0.288123567454965	-0.27177721467409566	0.2756275049022459	-0.09575548165066189	0.18534362353967748	-0.4948565384051024	-0.15176101967516661	-0.001248707671099046	-0.01524695722334938	-0.15118850073414286	-0.35712555836820836	0.12042858816104438	-0.04555831822186976	0.030949485164704048	-0.0019797431244764213	-0.03369983806880565	-0.05091956967758446	-0.12284896911675311	-0.08658769261844157	0.21045985358617178	-0.14250229539580486
ABCC5	ABCC5	-0.20628144284115638	0.19869858835166077	0.2338368869762443	0.3453270186978912	-0.12257434184092172	-0.14245898982821467	0.032590743990554	-0.20410256557025017	0.5020690889991535	-0.22346261331006376	-0.22584713367671397	0.02807780708703376	0.0162053656428398	-0.20216675403960604	-0.24968500904247018	0.010711197127124102	-0.20545381263154797	0.20011382005786457	-0.2226784022776904	-0.38937967670607254	0.037055581298869815	0.4100747892389033
ABCC6	ABCC6	-0.25595881686327854	-0.3445799026117551	-0.10999436202954878	-0.32070350248339125	0.04181093905748105	0.004128587251966789	0.16932911189308014	0.0698715045721331	0.3377742087623897	-0.003269673819499082	-0.2230071220072394	0.16851605898593086	-0.09157094300892797	0.11277635172104446	0.06717626339816972	-0.02819121795668568	0.08173242589961564	0.026672075553430215	-0.022072129366800995	0.017775832790117803	-0.1932483230113896	-0.12462252424966182
ABCC8	ABCC8	0.11830324050762542	-0.08909231668023315	-0.5480661535856836	-0.09632416043136113	0.3426800865522706	0.4114826419471771	-0.37016213655677077	0.2681180741401848	-0.32235865039795863	0.27235433969697803	-0.254540163814289	-0.17227125549504663	0.011248183098377468	0.4243291187600933	-0.14485016367878908	0.3409856289283113	0.16768057596683386	-0.1133719018997891	0.01625703377607715	0.18020627454632251	-0.14490287690075318	-0.5668916914020842
ABCC9	ABCC9	-0.15739187805397506	0.3304755712695759	0.1157530809161441	0.21883940360875961	-0.21226355070798283	-0.30720119369960225	-0.01110811712575529	-0.3551117380223761	0.1723582056611964	0.17291028849818815	-0.1083784629015947	-0.009568434957373235	-0.07000024134568804	-0.10945539592127033	-0.3286910493750093	-0.1952048241247947	-0.2712602199845184	0.0007896714467897879	-0.2618036859836556	-0.33705275571076326	0.29960314700484153	0.10615902759491071
ABCD1	ABCD1	0.2853900105211719	-0.22529049700110504	-0.09383426810702156	-0.31362289310453567	0.12043977120514049	-0.12559357591521628	-0.5317741697529093	0.08325781760989166	-0.0691113023880359	-0.1585175871925502	0.08986318950189304	-0.3876842870203943	-0.47320173874454646	0.31706087584338727	0.08056511935498914	0.0036755437074282894	0.0792049959688433	-0.018799736815349407	0.1900381493789049	0.08304231803196337	-0.4786142047132977	0.037779025000089186
ABCD2	ABCD2	0.15859298465486804	-0.06495751432111466	-0.08868130828138467	-0.1398414772389883	0.24938407568209933	-0.0782569822719273	-0.17526864956271107	0.14883449672975277	-0.343805163170437	0.029723752784582065	0.09151172987405456	-0.013771458918007542	-0.1590243656548312	0.15289529459037493	0.2427593255373233	-0.058570230211881194	0.07391866471113775	0.13892035201789782	0.24300982174523456	0.0036982440599536755	-0.16318788953060115	-0.009833606368965356
ABCD3	ABCD3	0.3631040591070027	0.03472459121902275	-0.021178112906165482	0.03755938636442574	0.16134680231217166	-0.2440044868820604	-0.30606288021646266	-0.26417971140490926	-0.07434362859887941	-0.030744754397088035	0.12050171227513562	-0.18715065741311201	-0.04424556839619081	0.06406380143752705	-0.16224517839633168	-0.25254862661499705	-0.20877060426298394	0.14331044466012832	0.04001546053745728	-0.1503558558592458	0.10224473397086967	-0.22844536520931613
ABCD4	ABCD4	0.3749973881471859	-0.3889211503822619	-0.3036396063554155	-0.39803949930390375	0.2015292502053213	0.28865421132674723	-0.6714561496115544	0.19900567252392581	-0.21190382978080274	0.14209435962129546	0.38114558462307396	-0.4324253402107664	-0.057701891097159036	-0.022901433625941284	0.12306476537591343	-0.1554758796533423	0.22119198993107347	-0.19113355923413305	0.28086370971724556	0.387490291772074	0.11313501311646662	-0.2228600874441326
ABCE1	ABCE1	-0.3632865013798675	0.2645898118675825	0.502824837266733	0.42917004086287486	-0.1249147811268088	0.11622529616099957	0.6116654515199509	-0.2941141911904591	0.3293122386476705	0.09673988047731964	-0.07999590249820339	0.34015048630297984	0.28504889426039154	-0.4756072668513704	-0.32482207056610446	0.012513925944472164	-0.20028969320602708	-0.08472476082308518	-0.17365051001577875	-0.08084497385944418	0.25157459741478516	0.554961371112142
ABCF1	ABCF1	-0.21224039406636985	0.11192311890311682	0.26667670925132403	0.13302824633208699	-0.00037489902279340404	-0.1080147857739852	-0.18024972840871378	-0.009452981437708965	0.07109536467129887	0.3386987642021061	0.2839087008500916	-0.14444876310826388	0.2032532946819272	-0.014959636156900435	0.04297825797958825	-0.14762363003643558	0.0062227616370592875	0.11898207599931174	0.03612462131725579	0.20775737055003263	0.2727122911275622	0.2109009381953697
ABCF2	ABCF2	0.05572970454104838	-0.09994593580050526	0.11069720539083885	0.1082404797766527	0.14588079950729238	-0.03783478800708927	-0.10191048460417743	-0.08066869437008754	-0.315268544978379	0.2707148822779962	-0.06051625146540482	-0.29482427195238653	-0.07473856185694251	0.21839372011201744	0.2919536606177449	0.15995100959595726	0.1786014145127088	0.17194114689415627	-0.16142706608955895	-0.12132894018342702	0.23724305619398212	-0.07710833238044888
ABCF3	ABCF3	-0.004811733333167419	0.3225880712195578	-0.18012247275746543	0.3141018999002171	-0.05456585906986158	0.02413354345358493	0.2617268038026984	-0.10149660215156052	-0.008389416310057872	-0.037187846363605045	0.008459655245144321	0.22335921980517776	0.18909445317382428	0.13578849774556853	-0.1987147032643246	0.22585622642228548	-0.0383018855751856	0.0063673434880483736	-0.06774306271755721	0.004784300296611926	0.11300610608822485	-0.11689381261437119
ABCG1	ABCG1	-0.12773778228919483	-0.13854884059156564	-0.08646614295037026	-0.22432051294939626	-0.15993414838489795	-0.0606726194424055	0.18893479821147524	-0.12083817106263606	-0.21164718415425116	-0.1133914384637878	0.03141557407426891	0.02259283030866778	-0.03711262979055506	-0.07187743742229694	-0.08608291629033232	-0.09270989245364564	-0.0799842459280561	-0.07359274025079265	-0.00029138216277073414	0.08491088308131094	0.055943713479049875	-0.15507710223064117
ABCG2	ABCG2	-0.12786439557676954	-0.31271271361234837	-0.19475687583028875	-0.19540665016336706	0.028654287310102285	0.040769800814313924	-0.07002412481696695	-0.029845373077824252	0.44148306134529197	-0.15736123108113212	-0.0509543580293644	0.0037203643809654435	-0.20518632054053929	-0.2682016259359916	-0.11624056566672641	-0.18359211197687214	0.049106364947330984	0.16650824331995676	0.11591444208092977	-0.022876776423479784	-0.326109689442918	0.021474699007908826
ABCG4	ABCG4	-0.03243278191775674	0.21803878588078784	-0.21844725891421318	0.20417295511714795	0.058940975748096466	-0.05143178028093719	-0.10059621131494521	0.15620427494450645	-0.044604493939792864	-0.0029642272057421176	-0.056458922172782686	-0.22154712978690977	0.05695884605576618	0.39553977441614724	0.30770855155149757	0.16447115678564306	0.13158686837224343	0.31809477075660725	-0.00028249293401450687	0.08554249074984334	-0.14618794916204342	-0.25759511180633965
ABCG5	ABCG5	0.177875557629365	-0.15681082066738453	-0.1630691914553091	-0.06480695419360971	0.10654147421895818	0.09751356206771569	0.040020485864459936	0.11927380194761399	-0.34051470628507885	-0.002610159301121344	0.14954407866990668	0.05375665663753186	-0.02999767617999534	-0.15689191508823938	0.08597129970731203	0.06148703976613024	0.18294089344134593	0.06766923835524635	0.21806866862721677	0.14161529988780008	0.15863350443996874	-0.12426348038759608
ABCG8	ABCG8	-0.04166488066205256	0.43205456716087665	-0.1273896782039225	0.2727274940598364	-0.019436832988753802	-0.0041928140689240015	0.021234253313184712	-0.08320340737485737	-0.1638079954104963	0.2023219931509963	-0.161194950920238	-0.06771728820568784	0.14836992482437	0.24965387709536585	-0.10817783506245121	0.09893626083602275	-0.19347393790995981	-0.06998220798499175	-0.24735598236484313	-0.17693193036202548	0.06273481566213543	-0.11059330181577787
ABHD1	ABHD1	0.022154737992163102	-0.44043209752071066	0.3162982903225625	-0.3659491699859768	0.39757775926101924	0.21375073923160007	-0.11922991736372866	0.33470984454520625	-0.006504561804659494	-0.0043166029080724914	-0.09862066347481162	0.15575664390931976	-0.12984291271108664	0.27471735176173256	0.17447626653047746	0.029708601348548448	0.21272949935256377	0.337386830791807	0.11751869736620947	0.16750441634076482	-0.2548030215143071	0.10829900737283829
ABHD10	ABHD10	-0.09748400234875498	0.04753842569089513	0.07579590213017413	0.06757451448500766	-0.012981210266430544	-0.10393244840064325	-0.0011547938922925466	0.020928617520868165	-0.0709529488321104	-0.2946631702069223	0.09325767389983601	0.11350991100503423	-0.030650848474000472	-0.06379005270656239	-0.0920302012868714	0.0371418469725759	-0.048414117482469	0.14262954025758445	0.054235207030754046	-0.026226315688103144	0.13391662151551648	0.04054771680223013
ABHD12	ABHD12	0.03848593926657348	-0.43222881027273385	0.43056286922201026	-0.352470444941849	-0.26407851649514213	-0.044884872709705356	0.16957312704280417	-0.12126379311387651	0.4707954396408557	-0.11481680140461556	0.15777876501055296	0.057070090839084126	-0.1868141906426205	-0.2028213135646935	0.11410550081212897	-0.14546021306500131	0.09507631987412105	-0.044429893161653175	-0.15395083643327326	-0.015207172516575296	-0.5099289557031219	0.4905731409051922
ABHD12B	ABHD12B	0.18520677971857413	-0.04616291520868227	-0.09971000238317093	0.028069795531115705	0.05556839579612978	0.1868340213914503	0.23785524339671008	0.026290923444085446	-0.048472215380080445	0.23151776652690886	0.1666167947924136	0.02645766567863906	0.05910234892292596	-0.01852799742166871	0.21925076634512655	0.023726618857903833	0.3219011487313854	-0.038577551015008836	0.12442764291095035	0.20523416507319964	0.14032237630910283	-0.1286536046163802
ABHD13	ABHD13	-0.136445055838326	-0.08124875258338585	0.3246491108183244	0.008930847943161131	0.2289256972505388	0.18156781939043323	-0.0013755383134872942	-0.07743856041357827	0.08822780370376951	0.1753920948432954	-0.2716261637748929	0.06129814701720418	-0.0702259597221182	-0.09706010857362535	0.14498543578592651	-0.02359278695892565	0.08104567310784822	-0.15366283222042199	-0.04811654293588865	-0.1271447433562064	0.24088426189807371	0.2871852001912543
ABHD14A	ABHD14A	-0.3324898308432824	-0.504071723645336	-0.01097512892927334	-0.1651155569921539	0.04192139694112536	-0.0101166255452102	-0.12105002310039435	-0.26747771347194105	0.2610128084865773	-0.21559565496681557	-0.45251842562886374	-0.024661139304584453	-0.18253856413389147	-0.30562546257918954	0.07340458221976365	-0.1834393402795171	-0.20101550957165013	0.3059939326639902	-0.38488653857534083	-0.3411873988006452	0.12204906358999129	-0.09547154145264033
ABHD14A-ACY1	ABHD14A-ACY1	0.2935072502636155	-0.2086869076893877	-0.3497874392484821	-0.41410851993380116	0.10645698605536141	-0.05427296170862303	0.2779742539545813	0.1712713780776941	-0.7467457261779604	-0.02806100339468217	0.36761180053873477	0.07076250513196042	-0.16226138830745906	-0.010507962324864437	0.43446338313239086	-0.16115813355395076	0.14051269782220066	0.12665566719485913	0.41056822342897337	0.2812591269081905	-0.11256864616707496	-0.3838788089756869
ABHD14B	ABHD14B	0.16544630276059688	-0.35861979265839433	-0.37187714396839006	-0.32015221143374745	0.061029177111883916	0.15921649604447122	-0.4290006249086225	-0.17744990616639858	-0.1647242321576496	0.10530961374505678	0.05534306890173072	-0.2133832711305991	-0.4079009183069961	-0.14511686460901504	0.0213347207261918	-0.17501212865577165	0.02037521989462571	-0.2248207687937969	0.023114955028937616	0.10635187207071573	-0.017128604343878626	-0.2328950174400816
ABHD16A	ABHD16A	-0.1304820158261093	-0.04272708879647426	-0.1167678785676825	-0.09910752723291713	-0.1325713689033049	0.05211269762023708	-0.03994884875781693	-0.1317904129337377	0.15250082338283863	0.07381052695757481	0.06471559047619244	0.0702998247726149	0.08968677696806905	-0.032105128383593085	-0.2676052424428616	-0.11562405428599563	-0.03723244596471323	-0.13980102651881804	-0.13693384861252936	-0.030277920540810317	0.11355351028081476	-0.11422888042607952
ABHD16B	ABHD16B	0.17444692230578554	-0.20082336321191635	-0.3040286794094798	-0.1362884942190365	0.4140005981406376	0.21531931161219908	-0.08143345107327477	-0.018086263422084	-0.10667191964244147	0.09662948604288546	-0.028081471079390175	-0.16429680431008106	-0.22439366964928373	-0.11525311637152469	0.26450328355188496	0.044216157656468295	0.13796317413023443	0.021570997951537635	0.2108725138394849	0.1909226238496637	-0.15630647156049263	-0.292333622519448
ABHD2	ABHD2	-0.05312357104407865	-0.16060197833413717	-0.007408750068136186	-0.09946154155832683	-0.1805318160266872	0.1997712538152736	0.20537969196535136	0.17434046403224665	0.29037295718724426	0.000589519180658981	0.09301611275191138	0.30303129580204935	0.13243167642645992	0.23150365256706254	-0.08256073699841558	0.2308428841527206	0.14867845044301262	-0.033276885285904556	-0.018669235895317184	-0.0374973275070903	-0.08673257444082355	-0.030351659841857153
ABHD3	ABHD3	0.4172130087224621	-0.2445316851893548	-0.6690378188803792	-0.13804094824160856	0.36020195907499036	-0.3991300711867674	-0.13011307529120336	0.13363426032131037	-0.6646229614215458	-0.22049360495601714	0.11857175637244136	-0.0788810975282643	-0.3353626120576734	0.04390669753153013	0.1444739708645525	-0.045347077638747145	-0.1390125359024831	0.45310972540133376	0.5134886031720023	0.07307861255113215	-0.2881601630947304	-0.5356100986214714
ABHD4	ABHD4	-0.2726940842495319	-0.04727181738223765	-0.15828943973913037	0.0561876870287108	-0.24468326180792968	-0.20903376043570154	0.15927979874154233	-0.19428716917155603	0.5415740290854626	-0.17336263237611382	-0.04209900537850769	0.019245829053617797	-0.019925334479404144	-0.2585640199521141	-0.08259402490403493	-0.07260844888142853	-0.20439349819591238	0.00567395918054453	-0.12438578760283886	-0.20976616208396714	-0.15138508514707424	-0.009026887742074427
ABHD5	ABHD5	0.018958229028600705	0.31103431908612	-0.6955007356872641	0.2615348135994586	-0.18551694100095145	0.08947223114034725	-0.1623499972961444	0.029818377749233144	0.08689236458102496	0.11793373586092386	0.13045685893603642	-0.093173718589193	0.28313026632454913	0.031066136427159493	-0.14123118877697693	0.01639682188046029	0.0312665294713971	0.0016144505288232802	0.034629650848697756	0.1861208577450547	0.4609620742819334	-0.6502505500718988
ABHD6	ABHD6	-0.01891144142573095	0.04695894687299157	0.014612456922342254	-0.025873382767973366	-0.09951152050501481	-0.1656151674926175	-0.6657624267186353	0.11741703602141718	-0.805255895284344	-0.3227818921443315	-0.2902303830172387	-0.47257010002434313	-0.10441708576476116	0.3811186588571676	-0.07719351152354789	0.22879070399765594	-0.027119122800847217	-0.09701568615071976	-0.16572858724883988	-0.20090235308693874	0.07773990177797102	-0.08733352802825825
ABHD8	ABHD8	-0.12541636554531943	0.3376110933761804	-0.05865859768365867	0.333674887769633	-0.21163721328444818	0.015616338982811668	0.030366419846464064	-0.03383082540261563	-0.16839536286536	-0.021399442585545294	0.06456637442820476	0.015095150629866853	0.24423909308493663	0.26171332734436253	-0.05964823892703506	0.1627644767824037	-0.17698452825043737	0.1016119544749234	-0.1796489554632587	0.055048194665071645	0.11526159486839387	-0.2578372727275286
ABI1	ABI1	0.1216297669842643	-0.19864853731870216	0.7775753996798074	-0.19050867992486217	0.0751767684726419	-0.3352478353148249	-0.014057389369800726	0.03491749606976184	0.023030952386497834	0.007074990923282851	-0.056832993749518314	0.04292688212619101	-0.2968533915518316	0.10218673571501084	-0.030378853747071527	-0.05463007218029098	-0.08937782460293911	0.031171135549829497	0.07743073901388778	-0.06203847977063777	-0.027468322139029513	0.7150247007356458
ABI2	ABI2	0.06260846350386964	-0.20358972900893615	-0.2406557440483307	-0.03411940913435862	0.11198656178402658	-0.2875528524379129	-0.24139599922900004	0.2067564473032308	-0.2998367514848223	-0.030637870427075005	-0.013905904997958761	-0.12358201980959718	-0.1867349590843611	0.09562897222204526	0.27281199690878527	0.10860123560288343	0.16636925223935778	0.24917139418062176	0.23636868523499757	-0.016671326483769115	-0.13056502616297236	-0.10588861652725795
ABI3	ABI3	-0.17309853012615753	0.0066110672141078755	-0.3543362401957892	-0.16202615447542187	-0.27820916943701895	-0.1718862119276269	-0.32084540070924167	0.10677733458865257	-0.06295994061798685	-0.0032743603008470387	-0.09636327641200967	-0.12186377916395832	-0.13403340951688883	0.3760338952137098	-0.0622223210431202	-0.055958386438001856	-0.021670635044695154	-0.02612014154868319	-0.22029781911792612	-0.15192757713043847	0.09236811407436818	-0.3182639115641271
ABI3BP	ABI3BP	-0.23754309867145262	0.012548125357334197	0.5442734399334043	0.10772559526818708	-0.5861148458626958	-0.11779475718922469	0.05336862622538323	-0.32184712666054377	0.1261836475780168	-0.1562590011110901	0.03748311069431913	-0.033927623077475384	0.17083766486855229	-0.2565934190988051	-0.5335340765341078	-0.11886815818281363	-0.19114090213014232	0.1269308919268487	-0.3401483178899465	-0.42718781952499935	0.10527743857869333	0.4910579319021556
ABL1	ABL1	0.16862344985803196	0.06621933633753314	-0.2131619080675719	-0.014367811239932186	0.1414586174936465	-0.0308326536071648	-0.11404721199879153	0.20176386069655017	-0.0691507912624045	0.1506230925365255	-0.004995239738712576	-0.1862140266406255	-0.19980613831406993	0.22967340046551277	0.3088571661987748	0.10306999989349658	0.03759781322479226	0.07556499175729209	0.12000332947824044	0.07511221361325132	-0.08698407445775763	0.005887017358847377
ABL2	ABL2	-0.2342546407721532	0.2887432095782547	0.4775358211671001	0.07137093783788753	-0.17977209312001324	-0.07865396648805904	-0.05870087582915806	0.007873510284044831	0.3249182240881687	0.11876383948783327	-0.15658356139489177	0.10402248666906035	0.12040566182235284	0.17676927745057502	-0.31322502400924934	-0.1104680321048828	-0.21397045839822748	-0.1687879667372747	-0.26513968704320895	-0.17651691206203357	0.15612668342621272	0.5521138213880912
ABLIM1	ABLIM1	-0.24779257976717875	0.1430500308429511	0.20111312862664676	0.10751432703463024	-0.10417499851293746	-0.2115259431177983	0.011699484011070578	-0.2639632701332074	0.3830839839122291	-0.23178790264958193	-0.049109852592650084	0.033807608685272404	0.0782150990486038	-0.08759624205687949	-0.262722996944367	-0.14974782455225877	-0.29899469784879823	-0.03364914187129406	-0.06870372970818542	-0.1901411876207938	-0.022463574292759265	0.26635819667964483
ABLIM2	ABLIM2	-0.20168783739745347	0.18712351007004813	0.4475490107449128	0.2725325144100891	-0.1840679100672905	0.12867414694629067	0.19876416735612215	-0.3136785890716769	0.3706506813130599	-0.2892093387100176	0.09816886307608046	0.25227730549349986	0.5308906442058412	-0.08274212827339136	-0.47813577739255864	0.01029713640861003	-0.10289356623087968	0.012981138398518192	-0.10449234037237524	-0.22589979462476806	-0.04324901145470862	0.3278452030213515
ABLIM3	ABLIM3	0.057352759033271854	0.24308369370337882	0.24390978452698178	0.20980407785536923	0.031026179780902958	-0.04742038270679819	0.09375548899632824	-0.19566505951794974	-0.03895955512549585	0.010439593488199617	0.036241981918130155	0.07938330153108833	0.056482324024979866	0.007707224289954878	-0.12328079694346275	-0.014889818146065277	-0.26908985903135973	0.03933619384669741	-0.1426765245561102	-0.20177792223723165	0.08017781502470449	0.2188665522375794
ABO	ABO	-0.05436960454517954	0.007112458419364254	-0.3255582543652392	0.11801338809066592	0.011530227415937622	-0.14142051592585048	-0.1895331121876722	-0.18803354658094185	-0.09628370434075519	-0.26145944529322995	-0.1290326780297877	-0.1867315700012757	-0.07635401880616999	-0.2014133588821018	-0.0003483055452228184	-0.034043883669540836	0.029444705181177866	-0.01063104089836972	-0.006954043357168649	-0.04741461283104342	-0.1420860609202435	-0.29870122645046987
ABP1	ABP1	0.29278275476247634	-0.1073526621402999	-0.2623112429945085	0.13049498405030013	0.2262921384129129	0.2639242569388762	-0.4965544836456772	0.14194378930147636	-0.23723411843393816	-0.18066589153106805	0.1289209465569729	-0.20782700325554337	-0.033279794602983984	0.09472028246235564	-0.06289512916304915	0.23352481339940012	0.27982191657227096	0.11494012123847935	0.34756534015608476	0.06709810042603434	0.13759841912120963	-0.3406081815606991
ABR	ABR	0.3509707544356552	-0.3908742468099681	-0.6616202313154143	-0.3645889682519595	0.3782935012223382	-0.08426468883159338	-0.3242082188131634	0.08535206335499945	-0.656629941769096	0.34717257897833453	0.30115899529482737	-0.23554885073647205	-0.38136535323087983	0.24755021779003372	0.37415579514347896	-0.1510230661433399	-0.006700207582600773	-0.05744031978239496	0.4226763006718389	0.30128348789279846	-0.14667958985357374	-0.5854656587597311
ABRA	ABRA	0.07580284528643225	0.01419494021657642	-0.24342246899972098	0.11852390024935898	0.1493991357094538	0.16270351147343154	0.1285522857186015	-0.007175904826248747	-0.20709060947245506	0.20933970736054813	-0.018959509353027038	0.044967005582594435	-0.05002118161911977	-0.012218972782874232	0.15231024660584547	0.09315593160461715	0.07830536679302694	0.10330878670672208	-0.005614758890718934	-0.030763496945922286	0.46671407215378885	-0.16976134397518083
ABTB2	ABTB2	0.05121424561241815	0.19882839001893837	-0.09593293525116088	0.16376172720540433	0.051193096226143014	0.18825664925693902	-0.4683651716050162	0.16592590415345015	0.12313203416631505	0.04423166878694233	-0.20142146196916821	-0.2007607318838031	-0.10140483654267667	0.22775399718913997	0.16374622353947965	0.13785054906022648	0.0034447756249958855	-0.10429306639870133	-0.07102434139937401	0.0480163215379379	0.1431578385889195	-0.08262145060004418
ACAA1	ACAA1	-0.1635778157628461	0.0524688825058659	-0.08021330843780644	0.1335654867231189	-0.015296386917329667	0.151664271094123	0.12468709994899121	0.08378792579032189	0.0032879621427088905	-0.07698203564227606	-0.025011446012087008	0.05048703758042105	0.18335644012301952	-0.08261221255758949	-0.02778825646625924	0.10800089732077398	0.009090426762025263	0.1735834054177029	0.002567178767329622	-0.017810284063110884	0.04351854608556351	0.030057092008142276
ACAA2	ACAA2	-0.16970980843212186	0.06078903624918318	-0.310709803393524	-0.10671569337940506	-0.030812310620678657	-0.24096209355328385	0.255494818649225	-0.06623605549220486	-0.2928016949943629	-0.21161811779294315	-0.03521149071785158	0.2279724195481297	0.07203987274728658	0.11771338842357805	0.04700673930406722	0.003854486757301795	-0.1780927190365812	-0.057490113583040084	-0.07835513248032724	-0.09119181429580286	0.04543160484846083	-0.3526817385899255
ACACA	ACACA	-0.2844585154327025	0.1710040198392942	-0.07269644364282886	0.044294129457819034	0.10419363175450924	0.010717139322009225	0.28240642451832976	-0.14030478578889466	0.3579760091131546	0.26526824214837424	0.06408738137441472	0.17046703131512575	0.21863775258182638	0.0324984053309942	0.3835444617015137	-0.04528334692067083	0.10081264333971998	-0.09384005829546128	0.09169977064735559	0.12784094966729279	0.3387261541146676	-0.15340287721026652
ACACB	ACACB	-0.21800030115062305	0.10876854307308109	-0.20376956903075952	0.03715985776643583	-0.3088204065488455	0.003820664900158796	0.13013288758498495	-0.008995590096868532	-0.02453123828122628	-0.14188836179283626	0.07293776658166168	0.0730349207748503	0.15408248198167085	0.04667797030733973	0.08222406226613882	0.09356553495818473	0.059954440667426494	0.0513477246936233	-0.11855436083444246	0.023762862616771595	0.06980369251134844	-0.07540787899979103
ACAD10	ACAD10	-0.03035346161990235	-0.03875099065258531	0.32491472172803976	-0.048108379383083454	0.037166208258252134	-0.07769136321108877	-0.33979477833596394	0.29981690524125293	-0.10754955680854741	-0.13844601251536964	-0.14211078589049525	-0.06569017466805224	-0.025528960323015583	0.13317721034209665	-0.024560033994786283	-0.010744877939011716	0.012666421686025137	0.19975090809620288	0.09011939036687702	-0.08154103956996658	0.13616882222908258	0.26931315918830206
ACAD11	ACAD11	0.1777176430913794	0.0051680334796508735	-0.466098243763708	-0.017213107111125236	0.07299028909194634	-0.041538476732841674	-0.2534155608438749	0.043597780609622924	-0.44467887923043353	-0.1431662938735413	0.011066652381737815	-0.18772355866314822	-0.2078068193850799	0.10613004496662054	-0.008273142871545819	0.10304859404456082	-0.04195426410307618	0.17233292345714057	0.10248827360798912	0.13530325999859277	-0.1852994094640572	-0.4819794916642567
